Notebook,Time,Model,Num Rows,ROUGE-1,ROUGE-2,ROUGE-L,ROUGE-L Sum,BERTScore Precision,BERTScore Recall,BERTScore F1,Average BLEURT,Aggregated Score
20231208_Step_Z103_INFERENCE_Instr_Bart_Samsum_v2.90,2023-12-08 23:50:33,20231205_Bart-lg-samsum_5ep_Summ_Loss_1.02,200.0,0.3776802740644254,0.18794285071128997,0.3131973700849936,0.3131973700849936,0.6751739978790283,0.7015440940856934,0.6821789145469666,0.5130074230581522,0.3978673670918036
20231208_Step_Z103_INFERENCE_Instr_Bart_Samsum_v2.80,2023-12-08 23:44:53,20231205_Bart-lg-samsum_5ep_Summ_Loss_Loss_0.87,200.0,0.3946097506937229,0.1883751705409574,0.3258108050410738,0.3258108050410738,0.6776319146156311,0.7120650172233581,0.6890515267848969,0.5220293831080198,0.4076145735349574
20231208_Step_Z103_INFERENCE_Instr_Bart_Samsum_v2.70,2023-12-08 23:40:14,20231205_Bart-lg-samsum_5ep_Summ_Loss_Loss_0.87,200.0,0.3959701100586713,0.1952994100381684,0.327981440255198,0.327981440255198,0.6687963783740998,0.7110520482063294,0.6838787078857422,0.5183666806668044,0.408246298193297
20231208_Step_Z103_INFERENCE_Instr_Bart_Samsum_v2.60,2023-12-08 23:34:50,20231205_Bart-lg-samsum_4ep_Summ_Loss_0.85,200.0,0.40311936311922,0.2064776276594445,0.3347661055223976,0.3347661055223976,0.674592262506485,0.7111691832542419,0.6867102205753326,0.5132462986558676,0.4131809535091099
20231208_Step_Z103_INFERENCE_Instr_Bart_Samsum_v2.40,2023-12-08 23:29:39,20231206_Bart-Samsum_Retrain_4ep_Summ_Loss_Loss_0.86,200.0,0.4016669910285331,0.2052484493093836,0.331818080907136,0.331818080907136,0.686718201637268,0.7121892392635345,0.693304854631424,0.5176757843792439,0.4135887068604761
20231208_Step_Z103_INFERENCE_Instr_Bart_Samsum_v2.30,2023-12-08 23:24:33,20231206_Bart-Samsum_Retrain_4ep_Summ_Loss_Loss_0.86,200.0,0.40311936311922,0.2064776276594445,0.3347661055223976,0.3347661055223976,0.674592262506485,0.7111691832542419,0.6867102205753326,0.5132462986558676,0.4131809535091099
20231208_Step_Z103_INFERENCE_Instr_Bart_Samsum_v2.30,2023-12-08 23:19:25,20231206_Bart-Samsum_Retrain_4ep_Summ_Loss_Loss_1.18,200.0,0.3251720339088538,0.1539195903998619,0.2697031733838186,0.2697031733838186,0.6665073335170746,0.6750471353530884,0.6659467875957489,0.511556510925293,0.3660002115995658
20231208_Step_Z103_INFERENCE_Instr_Bart_Samsum_v2.20,2023-12-08 23:13:47,20231205_Bart-lg-samsum_5ep_Summ_Loss_Loss_0.87,200.0,0.3959701100586713,0.1952994100381684,0.327981440255198,0.327981440255198,0.6687963783740998,0.7110520482063294,0.6838787078857422,0.5183666806668044,0.408246298193297
20231208_Step_Z103_INFERENCE_Instr_Bart_Samsum_v2.10,2023-12-08 23:08:53,20231205_Bart-lg-samsum_5ep_Summ_Loss_Loss_0.87,200.0,0.3856374692556633,0.1960522808028982,0.3154498124124013,0.3154498124124013,0.6763034105300904,0.7049793899059296,0.6852463901042938,0.5164988825470209,0.4023891079224464
20231208_Step_Z103_INFERENCE_Instr_Bart_Samsum_v2.00,2023-12-08 23:04:10,20231205_Bart-lg-samsum_5ep_Summ_Loss_Loss_0.87,200.0,0.3946097506937229,0.1883751705409574,0.3258108050410738,0.3258108050410738,0.6776319146156311,0.7120650172233581,0.6890515267848969,0.5220293831080198,0.4076145735349574
20231208_Step_Z103_INFERENCE_Instr_Bart_Samsum_v1.90,2023-12-08 22:58:58,20231206_Bart-Samsum_Retrain_3ep_Summ_Loss_0.90,200.0,0.3144626539587322,0.1284210554190736,0.2546639895854771,0.2546639895854771,0.6108263611793519,0.6541450142860412,0.6268701791763306,0.4114272752404213,0.3317515238275853
20231208_Step_Z103_INFERENCE_Instr_Bart_Samsum_v1.80,2023-12-08 22:54:24,20231206_BioBart-Base_9ep_Retrain_Loss_0.71,200.0,0.2434469489458044,0.1194155639709122,0.2020377234487374,0.2020377234487374,0.6037594079971313,0.6020480394363403,0.5976548969745636,0.3341180434077978,0.2831184833660922
20231208_Step_Z103_INFERENCE_Instr_Bart_Samsum_v1.70,2023-12-08 22:49:09,20231207_Bart-Retrain_SummaryOnly_7ep_Summ_Loss_1.07,200.0,0.3543779218250773,0.1661528380281598,0.2870160256152909,0.2870160256152909,0.6689800441265106,0.6932842016220093,0.6748437762260437,0.4925619274005294,0.376994752451732
20231208_Step_Z103_INFERENCE_Instr_Bart_Samsum_v1.60,2023-12-08 22:43:51,20231207_Step_98_Retrain_Instrn_Bart-S_4ep_Loss_0.40,200.0,0.3425422299581971,0.160461792683814,0.281564656515627,0.281564656515627,0.684961587190628,0.6780328094959259,0.6745746016502381,0.4718950952589512,0.3687671720970757
20231208_Step_Z103_INFERENCE_Instr_Bart_Samsum_v1.50,2023-12-08 22:37:31,20231207_Step_98_Retrain_Instrn_Bart-S_9ep_Loss_0.42,200.0,0.3812187599509692,0.1877904675753384,0.3237524589650008,0.3237524589650008,0.6998914420604706,0.6970722138881683,0.6928086161613465,0.5057077550888062,0.4025050861177436
20231208_Step_Z103_INFERENCE_Instr_Bart_Samsum_v1.40,2023-12-08 22:31:51,20231207_Step_98_Retrain_Instrn_Bart-S_9ep_Loss_0.42,200.0,0.3901146319143296,0.1875159769088846,0.3289990965485206,0.3289990965485206,0.6965111434459687,0.6986240684986115,0.6916204273700715,0.5078935903310776,0.4058571366035673
20231208_Step_Z103_INFERENCE_Instr_Bart_Samsum_v1.30,2023-12-08 22:27:19,20231207_Step_98_Retrain_Instrn_Bart-S_9ep_Loss_0.42,200.0,0.3901146319143296,0.1875159769088846,0.3289990965485206,0.3289990965485206,0.6965111434459687,0.6986240684986115,0.6916204273700715,0.5078935903310776,0.4058571366035673
20231208_Step_Z103_INFERENCE_AUGMENTED_Bart_Samsum_v1.20,2023-12-08 22:18:20,20231207_Step_98_Retrain_Instrn_Bart-S_6ep_Loss_Loss_0.33,200.0,0.2322062217770673,0.1108255284960323,0.1824729742072263,0.1824729742072263,0.6039302110671997,0.5963159203529358,0.5954967737197876,0.3445328545942903,0.274667887833605
20231208_Step_Z103_INFERENCE_AUGMENTED_Bart_Samsum_v1.10,2023-12-08 22:09:30,20231129_Bart-Lg-samsum_3ep_Summ_Loss_0.81_R1_0.32,200.0,0.4076179699557899,0.2014495160178305,0.3370679351492402,0.3370679351492402,0.6870258450508118,0.7120528280735016,0.6939468502998352,0.5178080249577761,0.4158263719216187
20231208_Step_Z103_INFERENCE_AUGMENTED_Bart_Samsum_v1.00,2023-12-08 22:02:26,20231207_Step_101_Retrain_Augmn_Instrn_BartS_8ep_Loss_0.05,200.0,0.3714352250262336,0.1642379432908354,0.3050833734272386,0.3050833734272386,0.6544721901416779,0.7071807652711868,0.6743967741727829,0.4867213113605976,0.3844930001174879
20231208_Step_Z106_INFERENCE_AUGMENTED_Clinical-T5_v1.20,2023-12-08 21:47:23,20231208_Step_Z103_Retrain_Augmn_Instrn_ClinT5_3ep_Loss_0.39,200.0,0.3221825928586211,0.1543216250793334,0.2788013451565533,0.2788013451565533,0.6186485528945923,0.6627377897500992,0.634458401799202,0.4956146332994103,0.3606966572249456
20231208_Step_Z106_INFERENCE_AUGMENTED_Clinical-T5_v1.20,2023-12-08 21:38:11,20231208_Step_Z103_Retrain_Augmn_Instrn_ClinT5_3ep_Loss_0.39,200.0,0.3206787819452167,0.1566440523182243,0.2795809670923997,0.2795809670923997,0.622812694311142,0.6629857927560806,0.6368093609809875,0.4892314256355166,0.3604209258441241
20231208_Step_Z106_INFERENCE_AUGMENTED_Clinical-T5_v1.00,2023-12-08 19:39:28,20231208_Step_Z103_Retrain_Augmn_Instrn_ClinT5_2ep_Loss_0.34,200.0,0.2247971847693499,0.1048280918321188,0.1893779893997345,0.1893779893997345,0.4485312700271606,0.6140375256538391,0.5078665688633919,0.5078942672908304,0.2873570152591934
20231207_Step_Z103_INFERENCE_AUGMENTED_Bart_Samsum_v1.30,2023-12-08 10:11:06,20231207_Step_101_Retrain_Augmn_Instrn_BartS_8ep_Loss_0.05,200.0,0.3585800840156066,0.1557900519756602,0.2921509863089698,0.2921509863089698,0.6457526981830597,0.7006524205207825,0.6667547285556793,0.4747430618852377,0.3733616498416873
20231207_Step_Z104_INFERENCE_AUGMENTED_BioBart_v1.10,2023-12-08 08:39:06,20231207_Step_101_Retrain_Augmn_Instrn_BioBart_Xep_Loss_0.45,200.0,0.3634621628537303,0.1545447606700604,0.2972967876879558,0.2972967876879558,0.6948732435703278,0.6903591871261596,0.6871430367231369,0.5028814858570695,0.3837708369133182
20231207_Step_Z104_INFERENCE_AUGMENTED_BioBart_v1.10,2023-12-08 08:32:46,20231207_Step_101_Retrain_Augmn_Instrn_BioBart_Xep_Loss_0.45,200.0,0.3795576865372393,0.1716497458395169,0.3089586992865877,0.3089586992865877,0.6941563248634338,0.6979497492313385,0.6911186844110488,0.5097141639143228,0.3949929465458838
20231207_Step_Z104_INFERENCE_AUGMENTED_BioBart_v1.00,2023-12-08 08:26:55,20231207_Step_101_Retrain_Augmn_Instrn_BioBart_Xep_Loss_0.45,200.0,0.3795576865372393,0.1716497458395169,0.3089586992865877,0.3089586992865877,0.6941563248634338,0.6979497492313385,0.6911186844110488,0.5097141639143228,0.3949929465458838
20231207_Step_Z103_INFERENCE_AUGMENTED_Bart_Samsum_v1.00,2023-12-08 08:06:37,20231207_Step_101_Retrain_Augmn_Instrn_BartS_Xep_Loss_0.52,200.0,0.3586685769313228,0.1712736116210159,0.2997804883381133,0.2997804883381133,0.685989311337471,0.686640402674675,0.6802514016628265,0.4807455004379154,0.3817500112215513
20231207_Step_Z103_INFERENCE_AUGMENTED_Bart_Samsum_v1.00,2023-12-08 07:59:43,20231207_Step_101_Retrain_Augmn_Instrn_BartS_Xep_Loss_0.52,200.0,0.3627884440232768,0.1753040977689453,0.3034490649222914,0.3034490649222914,0.6858629733324051,0.6906351923942566,0.6824388355016708,0.4857489923760295,0.3855297499190843
20231207_Step_97_StartOver_from_0.406_Bart_v4.10-2,2023-12-08 03:37:14,20231207_Bart-Samsum_Retrain_7ep_Summ_Loss_1.10_DNU,200.0,0.3709762908083504,0.1785544327930806,0.2930837085961639,0.2930837085961639,0.6502573221921921,0.7043958336114884,0.6706263273954391,0.4910352279245854,0.3828932826856305
20231207_Step_97_StartOver_from_0.406_Bart_v4.10,2023-12-08 03:31:06,20231207_Bart-Samsum_Retrain_7ep_Summ_Loss_1.10_DNU,200.0,0.3681253255600272,0.1765294556535298,0.2874681759901416,0.2874681759901416,0.6477491378784179,0.6962631732225418,0.665787547826767,0.4852793629467487,0.3784430073278927
20231207_Step_97_StartOver_from_0.406_Bart_v4.00,2023-12-08 03:24:42,20231207_Bart-Samsum_Retrain_7ep_Summ_Loss_1.10_DNU,200.0,0.3818817473810108,0.1874239158557268,0.297508264554916,0.297508264554916,0.6519191175699234,0.7024904608726501,0.6712752461433411,0.4895319845527411,0.3875215705071086
20231207_Step_97_StartOver_from_0.406_Bart_v3.90,2023-12-08 03:17:54,20231206_Bart-Samsum_Retrain_3ep_Summ_Loss_0.90,200.0,0.3144626539587322,0.1284210554190736,0.2546639895854771,0.2546639895854771,0.6108263492584228,0.6541450262069702,0.626870185136795,0.4114272752404212,0.3317515248209961
20231207_Step_97_StartOver_from_0.406_Bart_v3.70,2023-12-08 03:12:22,20231206_Bart-Samsum_Retrain_4ep_Summ_Loss_Loss_1.18,200.0,0.3173219501052259,0.1445257429361477,0.2627348563511206,0.2627348563511206,0.6676679342985153,0.6664936602115631,0.6621259033679963,0.4997069927304983,0.3581917169736848
20231207_Step_97_StartOver_from_0.406_Bart_v3.70,2023-12-08 03:05:47,20231206_Bart-Samsum_Retrain_4ep_Summ_Loss_Loss_0.86,200.0,0.4016669910285331,0.2052484493093837,0.3318180809071359,0.3318180809071359,0.6867182165384292,0.71218923330307,0.6933048605918884,0.5176757843792439,0.4135887078538869
20231207_Step_97_StartOver_from_0.406_Bart_v3.60,2023-12-08 02:59:00,20231205_Bart-lg-samsum_4ep_Summ_Loss_0.85,200.0,0.4016669910285331,0.2052484493093837,0.3318180809071359,0.3318180809071359,0.6867182165384292,0.71218923330307,0.6933048605918884,0.5176757843792439,0.4135887078538869
20231207_Step_97_StartOver_from_0.406_Bart_v3.40,2023-12-08 02:52:48,20231129_Bart-Lg-samsum_8ep_Summ_Loss_1.0_R1_0.52,200.0,0.387026998087171,0.1972310067809806,0.3263788990803409,0.3263788990803409,0.6911526918411255,0.6914174765348434,0.6854622393846512,0.4892942977324128,0.4019620566909829
20231207_Step_97_StartOver_from_0.406_Bart_v3.40,2023-12-08 02:47:11,20231129_Bart-Lg-samsum_7ep_Summ_Loss_0.95_R1_0.51,200.0,0.387026998087171,0.1972310067809806,0.3263788990803409,0.3263788990803409,0.6911526918411255,0.6914174765348434,0.6854622393846512,0.4892942977324128,0.4019620566909829
20231207_Step_97_StartOver_from_0.406_Bart_v3.30,2023-12-08 02:35:35,20231129_Bart-Lg-samsum_20ep_Summ_Loss_1.3,200.0,0.3896766471935305,0.1947199867279592,0.3274602157843109,0.3274602157843109,0.6870404988527298,0.6939153045415878,0.6845920950174331,0.4951636081561446,0.4031787947772815
20231207_Step_97_StartOver_from_0.406_Bart_v3.20,2023-12-08 02:14:14,20231129_Bart-Lg-samsum_3ep_Summ_Loss_0.81_R1_0.32,100.0,0.4050089546056935,0.2229791197636025,0.3455780299609845,0.3455780299609845,0.6891844004392624,0.7165302008390426,0.695417532324791,0.5244385465979575,0.4231667022023355
20231207_Step_97_StartOver_from_0.406_Bart_v3.10,2023-12-08 02:08:49,20231129_Bart-Lg-samsum_3ep_Summ_Loss_0.81_R1_0.32,100.0,0.367977412933286,0.2048960069242431,0.3067031196361873,0.3067031196361873,0.6573741763830185,0.6834717035293579,0.6642333477735519,0.4866740223765372,0.3895311715466655
20231207_Step_97_StartOver_from_0.406_Bart_v3.00,2023-12-08 02:01:37,20231129_Bart-Lg-samsum_3ep_Summ_Loss_0.81_R1_0.32,200.0,0.4076179699557898,0.2014495160178306,0.3370679351492402,0.3370679351492402,0.6870258420705795,0.7120528370141983,0.6939468562602997,0.517808024957776,0.4158263729150294
20231207_Step_97_StartOver_from_0.406_Bart_v2.90,2023-12-08 01:44:31,20231129_Bart-Lg-samsum_3ep_Summ_Loss_0.81_R1_0.32,200.0,0.4076179699557898,0.2014495160178306,0.3370679351492402,0.3370679351492402,0.6870258420705795,0.7120528370141983,0.6939468562602997,0.517808024957776,0.4158263729150294
20231207_Step_97_StartOver_from_0.406_Bart_v2.60,2023-12-08 01:33:15,20231129_Bart-Lg-samsum_3ep_Summ_Loss_0.81_R1_0.32,200.0,0.4067769156972978,0.207158576257838,0.3356384997021912,0.3356384997021912,0.6797164976596832,0.7122121125459671,0.6899553805589675,0.5201620296388865,0.4158883169262287
20231207_Step_97_StartOver_from_0.406_Bart_v2.60,2023-12-08 01:18:12,20231129_Bart-Lg-samsum_3ep_Summ_Loss_0.81_R1_0.32,200.0,0.4067769156972978,0.207158576257838,0.3356384997021912,0.3356384997021912,0.6797164976596832,0.7122121125459671,0.6899553805589675,0.5201620296388865,0.4158883169262287
20231207_Step_97_StartOver_from_0.406_Bart_v2.50,2023-12-08 01:11:59,20231129_Bart-Lg-samsum_3ep_Summ_Loss_0.81_R1_0.32,200.0,0.400661207113972,0.2009328914217011,0.3334129029492166,0.3334129029492166,0.6842027902603149,0.7063808292150497,0.6897543847560883,0.5148726707696916,0.4121744933266477
20231207_Step_97_StartOver_from_0.406_Bart_v2.40,2023-12-08 01:05:27,20231129_Bart-Lg-samsum_3ep_Summ_Loss_0.81_R1_0.32,200.0,0.4049808814939391,0.2010059260429196,0.3337075425534966,0.3337075425534966,0.6837327808141709,0.710374316573143,0.6915792614221573,0.5194041941314935,0.4140642246995837
20231207_Step_97_StartOver_from_0.406_Bart_v2.30,2023-12-08 00:56:30,20231129_Bart-Lg-samsum_3ep_Summ_Loss_0.81_R1_0.32,200.0,0.399182875411559,0.2027707849213516,0.3318167357617529,0.3318167357617529,0.6853571832180023,0.7084322184324264,0.6914662063121796,0.5175884583592414,0.4124402994213062
20231207_Step_97_StartOver_from_0.406_Bart_v2.10,2023-12-08 00:28:34,20231129_Bart-Lg-samsum_3ep_Summ_Loss_0.81_R1_0.32,200.0,0.3703758783898177,0.1808304214602001,0.3005922821686584,0.3005922821686584,0.6548639833927155,0.7023007720708847,0.6706894695758819,0.4959107991307974,0.3864985221490024
20231207_Step_97_StartOver_from_0.406_Bart_v2.00,2023-12-08 00:22:10,20231129_Bart-Lg-samsum_3ep_Summ_Loss_0.81_R1_0.32,200.0,0.3921627065093687,0.1926887583617991,0.3239206187445026,0.3239206187445026,0.68463836312294,0.7039103776216507,0.6890687733888626,0.5122529625892638,0.4056690730563832
20231207_Step_97_StartOver_from_0.406_Bart_v1.90,2023-12-08 00:15:37,20231129_Bart-Lg-samsum_3ep_Summ_Loss_0.81_R1_0.32,200.0,0.400661207113972,0.2009328914217011,0.3334129029492166,0.3334129029492166,0.6842027902603149,0.7063808292150497,0.6897543847560883,0.5148726707696916,0.4121744933266477
20231207_Step_97_StartOver_from_0.406_Bart_v1.80,2023-12-08 00:08:34,20231129_Bart-Lg-samsum_3ep_Summ_Loss_0.81_R1_0.32,200.0,0.4049808814939391,0.2010059260429196,0.3337075425534966,0.3337075425534966,0.6837327808141709,0.710374316573143,0.6915792614221573,0.5194041941314935,0.4140642246995837
20231207_Step_97_StartOver_from_0.406_Bart_v1.70,2023-12-08 00:02:04,20231205_Bart-lg-samsum_5ep_Summ_Loss_Loss_0.87,200.0,0.3969171074558904,0.1929644632100169,0.3306497607799072,0.3306497607799072,0.6804091244935989,0.7128766119480133,0.6907521814107895,0.5202576944977044,0.4103651613557026
20231207_Step_97_StartOver_from_0.406_Bart_v1.60,2023-12-07 23:55:32,20231205_Bart-lg-samsum_5ep_Summ_Loss_Loss_0.87,200.0,0.387626945286934,0.1875068360583039,0.3190015127630652,0.3190015127630652,0.6808098942041397,0.7088575810194016,0.6893262684345245,0.5136800180375576,0.4026905155572417
20231207_Step_97_StartOver_from_0.406_Bart_v1.50,2023-12-07 23:47:30,20231205_Bart-lg-samsum_5ep_Summ_Loss_Loss_0.87,200.0,0.3770912050274507,0.1810686867648658,0.3065990280014634,0.3065990280014634,0.6580083310604096,0.7047128021717072,0.6742475867271424,0.5096044646948577,0.3925349998695406
20231205_Step_91_FinalRound_Bart-SamsunTr10,2023-12-07 23:37:53,20231205_Bart-lg-samsum_5ep_Summ_Loss_Loss_0.87,200.0,0.3856374692556633,0.1960522808028982,0.3154498124124013,0.3154498124124013,0.6763034045696259,0.7049793899059296,0.6852463960647583,0.5164988825470209,0.4023891089158572
20231205_Step_91_FinalRound_Bart-SamsunTr10,2023-12-07 23:29:57,20231207_Bart-Retrain_SummaryOnly_7ep_Summ_Loss_1.07,200.0,0.3535855758233597,0.1616167810934525,0.2822324365672245,0.2822324365672245,0.6692791968584061,0.696752393245697,0.6768262654542923,0.4909725694730878,0.3745776774964403
20231205_Step_91_FinalRound_Bart-SamsunTr10,2023-12-07 23:23:05,20231207_Bart-Retrain_SummaryOnly_7ep_Summ_Loss_1.07,200.0,0.3532646065824675,0.1709888705617497,0.2920691563717759,0.2920691563717759,0.6651278913021088,0.6937629282474518,0.6735741853713989,0.4892636927589774,0.3785382780030242
20231205_Step_91_FinalRound_Bart-SamsunTr10,2023-12-07 23:08:15,20231207_Bart-Retrain_SummaryOnly_7ep_Summ_Loss_1.07,200.0,0.3504746035102665,0.1632436477186795,0.2838766553383883,0.2838766553383883,0.6684321880340576,0.6930731654167175,0.674166014790535,0.4925483089312911,0.3746976476045914
20231205_Step_91_FinalRound_Bart-SamsunTr10,2023-12-07 23:00:57,20231129_Bart-Lg-samsum_3ep_Summ_Loss_0.81_R1_0.32,200.0,0.4066131908900237,0.2037441375329868,0.3367143183071219,0.3367143183071219,0.6849689722061157,0.7096334099769592,0.6913232207298279,0.5187581085413695,0.4156445490514086
20231205_Step_91_FinalRound_Bart-SamsunTr10,2023-12-07 22:43:49,20231129_Bart-Lg-samsum_3ep_Summ_Loss_0.81_R1_0.32,200.0,0.2996919488259404,0.1415565998870944,0.2409066058467378,0.2409066058467378,0.5421110183000565,0.5983595788478852,0.5619859963655471,0.4302436024695634,0.3192152265402702
20231205_Step_91_FinalRound_Bart-SamsunTr10,2023-12-07 22:39:14,20231129_Bart-Lg-samsum_3ep_Summ_Loss_0.81_R1_0.32,200.0,0.3509699151171969,0.1575453174395764,0.2777494998093047,0.2777494998093047,0.5799584701657295,0.641898575425148,0.6012512773275376,0.4857252875342964,0.3584984661728695
20231205_Step_91_FinalRound_Bart-SamsunTr10,2023-12-07 22:20:56,20231207_Bart-Retrain_SummaryOnly_7ep_Summ_Loss_1.07,200.0,0.3666672021024618,0.1748707799181788,0.2928266300802574,0.2928266300802574,0.6140929520130157,0.6354753732681274,0.6181733280420303,0.4979039802029729,0.3738780917376931
20231205_Step_91_FinalRound_Bart-SamsunTr10,2023-12-07 22:11:04,20231207_Bart-Retrain_SummaryOnly_7ep_Summ_Loss_1.07,200.0,0.3571681019977849,0.1712464173175149,0.2925522889225163,0.2925522889225163,0.6176478445529938,0.6347785383462906,0.619423246383667,0.4911232086643576,0.3706775920347262
20231206_Step_94_FinalRound_Bart-Retrail_Prompt_Tr04,2023-12-07 05:16:08,biobart-v2-base,200.0,0.226450074130438,0.1034127094991359,0.2088591300801713,0.2088591300801713,0.678288871049881,0.5783303916454315,0.6157337188720703,0.389983852468431,0.2922164358550697
20231206_Step_94_FinalRound_Bart-Retrail_Prompt_Tr04,2023-12-07 05:07:22,biobart-v2-base,200.0,0.0382653230898972,0.0017273935165744,0.0354386987071845,0.0354386987071845,0.4816218540072441,0.4863515406847,0.4793391495943069,0.2069426287338137,0.1328586487248269
20231206_Step_94_FinalRound_Bart-Retrail_Prompt_Tr11,2023-12-07 04:37:26,biobart-v2-base,200.0,0.2618294194483216,0.1209704350638822,0.2429865295104828,0.2429865295104828,0.6421988874673843,0.5156215026974678,0.5621509164571762,0.4005491865798831,0.3052455027617048
20231206_Step_94_FinalRound_Bart-Samsun_Tr11,2023-12-07 03:26:28,20231206_Bart-Samsum_Retrain_3ep_Summ_Loss_0.90,200.0,0.2891628424041835,0.1174139343581265,0.2459616597575265,0.2459616597575265,0.6132323041558265,0.5760569974780083,0.5868132993578911,0.4405070734396578,0.3209700781791519
20231206_Step_94_FinalRound_Bart-Samsun_Tr01,2023-12-07 02:43:25,20231206_Bart-Samsum_Retrain_3ep_Summ_Loss_0.90,200.0,0.3070864074459674,0.126877850978352,0.2649442700492388,0.2649442700492388,0.6671666651964188,0.6409501552581787,0.6469239622354508,0.4471715717762708,0.3429913887557531
20231206_Step_94_FinalRound_Bart-Samsun_Tr01,2023-12-06 23:19:05,20231206_Bart-Samsum_Retrain_3ep_Summ_Loss_0.90,200.0,0.4282475109096605,0.1911238938097324,0.3795161350819512,0.3795161350819512,0.7377051025629043,0.7123483926057815,0.7208539873361588,0.5100450950860977,0.4348837928842585
20231206_Step_94_FinalRound_Bart-Samsun_Tr01,2023-12-06 23:13:49,20231206_Bart-Samsum_Retrain_3ep_Summ_Loss_0.90,200.0,0.4282475109096605,0.1911238938097324,0.3795161350819512,0.3795161350819512,0.7377051025629043,0.7123483926057815,0.7208539873361588,0.5100450950860977,0.4348837928842585
20231206_Step_94_FinalRound_Bart-Samsun_Tr01,2023-12-06 22:50:24,20231206_Bart-Samsum_Retrain_3ep_Summ_Loss_0.90,200.0,0.4282475109096605,0.1911238938097324,0.3795161350819512,0.3795161350819512,0.7377051025629043,0.7123483926057815,0.7208539873361588,0.5100450950860977,0.4348837928842585
20231206_Step_94_FinalRound_Bart-Samsun_Tr01,2023-12-06 22:40:22,20231206_Bart-Samsum_Retrain_3ep_Summ_Loss_0.90,200.0,0.4282475109096605,0.1911238938097324,0.3795161350819512,0.3795161350819512,0.7377051025629043,0.7123483926057815,0.7208539873361588,0.5100450950860977,0.4348837928842585
20231205_Step_92_Tr01_REFINE_Rouge_Bart_Samsum_v1.00,2023-12-06 07:15:22,20231129_Bart-Lg-samsum_3ep_Summ_Loss_0.81_R1_0.32,200.0,0.3929295517330471,0.1980409621035798,0.3228194120866507,0.3228194120866507,0.6925319164991379,0.6949898451566696,0.6879783779382705,0.5119045922160148,0.4060820513607023
20231205_Step_92_Tr01_REFINE_Rouge_Bart_Samsum_v1.00,2023-12-06 06:58:00,20231129_Bart-Lg-samsum_3ep_Summ_Loss_0.81_R1_0.32,200.0,0.3929295517330471,0.1980409621035798,0.3228194120866507,0.3228194120866507,0.6925319164991379,0.6949898451566696,0.6879783779382705,0.5119045922160148,0.4060820513607023
20231205_Step_92_Tr01_REFINE_Rouge_Bart_Samsum_v1.00,2023-12-06 06:51:10,20231129_Bart-Lg-samsum_3ep_Summ_Loss_0.81_R1_0.32,2.0,0.6979166666666667,0.5808510638297872,0.6770833333333334,0.6770833333333334,0.8634604513645172,0.8207978010177612,0.8409743010997772,0.7037682831287384,0.6962794968986061
20231205_Step_92_Tr01_REFINE_Rouge_Bart_Samsum_v1.00,2023-12-06 06:33:32,20231129_Bart-Lg-samsum_3ep_Summ_Loss_0.81_R1_0.32,200.0,0.1171907438485694,0.0227318281012339,0.0817781944107553,0.0817781944107553,0.4892167493700981,0.5210022822022438,0.5003561094403267,0.2326043216139078,0.1727398986375914
20231205_Step_92_Tr01_REFINE_Rouge_Bart_Samsum_v1.00,2023-12-06 06:18:55,20231129_Bart-Lg-samsum_3ep_Summ_Loss_0.81_R1_0.32,200.0,0.3973222285711167,0.1998385991124743,0.3276607633607319,0.3276607633607319,0.69211505651474,0.7000914007425308,0.6905691355466843,0.5194572918862105,0.4104181303063249
20231205_Step_92_Tr01_REFINE_Rouge_Bart_Samsum_v1.00,2023-12-06 05:46:30,20231205_Bart-lg-samsum_4ep_Summ_Loss_0.85,200.0,0.3983016376746935,0.2019379769598756,0.3274946907172714,0.3274946907172714,0.6940117001533508,0.7037001043558121,0.6922309637069702,0.5135331048071385,0.4101655107638701
20231205_Step_92_Tr01_REFINE_Rouge_Bart_Samsum_v1.00,2023-12-06 05:40:26,20231129_Bart-Lg-samsum_3ep_Summ_Loss_0.81_R1_0.32,200.0,0.4056456497128071,0.2017874464211216,0.3324598937567586,0.3324598937567586,0.6907636553049088,0.7014258831739426,0.6897617667913437,0.5190649705380201,0.4135299368294683
20231205_Step_92_Tr01_REFINE_Rouge_Bart_Samsum_v1.00,2023-12-06 05:31:18,20231205_Bart-lg-samsum_4ep_Summ_Loss_0.85,200.0,0.3983016376746935,0.2019379769598756,0.3274946907172714,0.3274946907172714,0.6940117001533508,0.7037001043558121,0.6922309637069702,0.5135331048071385,0.4101655107638701
20231205_Step_91_FinalRound_Bart-SamsunTr15,2023-12-06 03:51:05,20231205_Bart-lg-samsum_4ep_Summ_Loss_0.85,200.0,0.4009469517810273,0.2038470900710819,0.3327761896433601,0.3327761896433601,0.6889594852924347,0.7117157638072967,0.694129478931427,0.5131488429009916,0.4129374571618747
20231205_Step_91_FinalRound_Bart-SamsunTr15,2023-12-06 03:44:52,20231205_Bart-lg-samsum_5ep_Summ_Loss_Loss_0.87,200.0,0.3981438680788411,0.1954227368275799,0.3313945110869319,0.3313945110869319,0.6796695291996002,0.7156723946332931,0.6918670803308486,0.5187143241614103,0.4111561719287572
20231205_Step_91_FinalRound_Bart-SamsunTr14,2023-12-06 03:32:48,20231205_Bart-lg-samsum_5ep_Summ_Loss_1.02,200.0,0.3765948125683175,0.1876737414942142,0.3117267688019586,0.3117267688019586,0.6842175781726837,0.702586579322815,0.6877320796251297,0.5088310856372118,0.3973808761547984
20231205_Step_91_FinalRound_Bart-SamsunTr13,2023-12-06 03:26:11,20231205_Bart-lg-samsum_5ep_Summ_Loss_1.10,200.0,0.3984855752818861,0.1978026985062657,0.3304971194998576,0.3304971194998576,0.6861822187900544,0.7073564797639846,0.6910441547632218,0.5028123549371958,0.4085231704147142
20231205_Step_91_FinalRound_Bart-SamsunTr12,2023-12-06 03:19:16,20231205_Bart-lg-samsum_8ep_Summ_Loss_1.09,200.0,0.4067065090026022,0.202734189561638,0.3359722950453513,0.3359722950453513,0.6833490639925003,0.7082922190427781,0.6901316583156586,0.5157080157846213,0.4145374937925371
20231205_Step_91_FinalRound_Bart-SamsunTr11,2023-12-06 03:10:52,20231205_Bart-lg-samsum_10ep_Summ_Loss_2.49,200.0,0.3877708538255814,0.1957999621446838,0.3184271466531951,0.3184271466531951,0.6775776773691178,0.7092018365859986,0.6882412016391755,0.5227834115177393,0.4052416204055951
20231205_Step_91_FinalRound_Bart-SamsunTr10,2023-12-06 00:27:38,20231129_Bart-Lg-samsum_3ep_Summ_Loss_0.81_R1_0.32,200.0,0.4066131908900237,0.2037441375329868,0.3367143183071219,0.3367143183071219,0.6849689722061157,0.7096334099769592,0.6913232207298279,0.5187581085413695,0.4156445490514086
20231205_Step_91_FinalRound_Bart-SamsunTr10,2023-12-06 00:20:01,20231128_Bart_1ep_Summ_Loss_0.71,200.0,0.2995695096820181,0.1373845949563321,0.2212061442994317,0.2212061442994317,0.5619335427880288,0.694057410955429,0.6135666608810425,0.5350734306871892,0.3380010808009076
20231205_Step_91_FinalRound_Bart-SamsunTr10,2023-12-06 00:12:21,20231129_Bart_4ep_Summ_Loss_0.77,200.0,0.2975575953590322,0.1340132221219619,0.2202955124759191,0.2202955124759191,0.5531987249851227,0.6836856991052628,0.6046616286039352,0.5108236375451087,0.3312745180969794
20231205_Step_91_FinalRound_Bart-SamsunTr09,2023-12-06 00:03:48,20231129_Bart_4ep_Summ_0.75,200.0,0.2953039025095304,0.1334095663798001,0.2254141525324486,0.2254141525324486,0.5494115650653839,0.6847395241260529,0.6022335916757584,0.5176493902504445,0.3332374593134051
20231205_Step_91_FinalRound_Bart-SamsunTr08,2023-12-05 23:56:07,20231129_BART_20ep_Summ_Loss_0.77,200.0,0.2877486438245425,0.1299606569901555,0.2194934712156798,0.2194934712156798,0.5435514152050018,0.6726994395256043,0.5942991435527801,0.4930162380635738,0.3240019374770687
20231205_Step_91_FinalRound_Bart-SamsunTr07,2023-12-05 23:48:45,20231129_Bart_5ep_Summ_Loss_0.71,200.0,0.301081828285601,0.1359336837605842,0.2262594661038919,0.2262594661038919,0.5625222250819206,0.6925419062376023,0.6132342189550399,0.5308977814018726,0.3389444074351469
20231205_Step_91_FinalRound_Bart-SamsunTr05,2023-12-05 23:40:14,20231129_Bart-Lg-samsum_3ep_Summ_Loss_0.81_R1_0.32,200.0,0.4066131908900237,0.2037441375329868,0.3367143183071219,0.3367143183071219,0.6849689722061157,0.7096334099769592,0.6913232207298279,0.5187581085413695,0.4156445490514086
20231205_Step_91_FinalRound_Bart-SamsunTr05,2023-12-05 23:33:52,20231129_Bart-Lg-samsum_7ep_Summ_Loss_0.95_R1_0.51,200.0,0.3848908516564332,0.1980821257258905,0.3258818802276919,0.3258818802276919,0.690663942694664,0.6928184539079666,0.686192798614502,0.4922233551368117,0.4021921485981702
20231205_Step_91_FinalRound_Bart-SamsunTr04,2023-12-05 23:26:53,20231129_Bart-Lg-samsum_8ep_Summ_Loss_1.0_R1_0.52,200.0,0.3848908516564332,0.1980821257258905,0.3258818802276919,0.3258818802276919,0.690663942694664,0.6928184539079666,0.686192798614502,0.4922233551368117,0.4021921485981702
20231205_Step_91_FinalRound_Bart-SamsunTr03,2023-12-05 23:20:18,20231129_Bart-lg-samsum_10ep_Summ_Loss_1.17_R1_0.51,200.0,0.3904653542250624,0.1952011396082093,0.3243910600272693,0.3243910600272693,0.6859256625175476,0.6958156377077103,0.6853150516748429,0.5001738088950515,0.4033229124096175
20231205_Step_91_FinalRound_Bart-SamsunTr02,2023-12-05 23:13:06,20231129_Bart-Lg-samsum_10ep_Summ_Loss_1.17,200.0,0.3904653542250624,0.1952011396082093,0.3243910600272693,0.3243910600272693,0.6859256625175476,0.6958156377077103,0.6853150516748429,0.5001738088950515,0.4033229124096175
20231205_Step_91_FInalRound_Clinical-T5_v1.00,2023-12-05 23:05:33,20231129_Bart-Lg-samsum_20ep_Summ_Loss_1.3,200.0,0.3904653542250624,0.1952011396082093,0.3243910600272693,0.3243910600272693,0.6859256625175476,0.6958156377077103,0.6853150516748429,0.5001738088950515,0.4033229124096175
20231205_Step_98_FInalRound_Clinical-T5_v1.00,2023-12-05 22:40:06,20231130_Clinic-T5-Base_18ep_Summ_Loss_0.85,200.0,0.2833487880952596,0.1349239426386098,0.249203014292979,0.249203014292979,0.623363521695137,0.6360053598880768,0.6240244686603547,0.4693555434793234,0.335009795243251
20231205_Step_96_FInalRound_Clinical-T5_v1.00,2023-12-05 22:32:49,20231130_Clinic-T5-Base_24ep_Summ_0.84,200.0,0.2969382831894471,0.1396893622825054,0.2580358758821777,0.2580358758821777,0.626719307899475,0.6438433885574341,0.6303911000490189,0.4757687191665173,0.343143202741974
20231205_Step_95_FInalRound_Clinical-T5_v1.00,2023-12-05 22:25:26,20231130_Clinic-T5-Sci_28ep_Summ_Loss_87,200.0,0.2685478627852568,0.1274162527637996,0.2364217043799484,0.2364217043799484,0.6085729837417603,0.622565096616745,0.6101319819688797,0.4447924396768212,0.3206219909924423
20231205_Step_94_FInalRound_Clinical-T5_v1.00,2023-12-05 22:18:31,20231130_Clinic-T5-Sci_47ep_Summ_Loss_0.92,200.0,0.2399851416759172,0.11063559436242,0.2116872328600236,0.2116872328600236,0.5639195382595062,0.5975018054246902,0.5732363253831864,0.4156977722793817,0.2938215499034921
20231205_Step_92_FInalRound_Clinical-T5_v1.00,2023-12-05 22:11:19,20231130_Clinic-T5-Sci_20ep_Summ_Loss_0.84,200.0,0.3024666926473476,0.147283891235616,0.2664174884806494,0.2664174884806494,0.6300035029649734,0.6409317076206207,0.6300387591123581,0.4627447232976556,0.3458948405423793
20231205_Step_92_FInalRound_Clinical-T5_v1.00,2023-12-05 22:01:36,20231130_Clinic-T5-Lrg_5ep_Summ_Loss_1.16,200.0,0.2806591512121955,0.1281250590859422,0.2380315471235516,0.2380315471235516,0.597970113158226,0.6294502884149551,0.6074508160352707,0.4614130868762731,0.3256185345761307
20231205_Step_91_FInalRound_Clinical-T5_v1.00,2023-12-05 21:51:59,20231201_Clinic-T5-Lrg_9ep_Summ_Loss_0.93,200.0,0.3433858939532904,0.1701505396851147,0.2886983176534931,0.2886983176534931,0.6469611376523972,0.6695783644914627,0.6534873068332672,0.4978533152863383,0.3737122818441662
20231205_Step_90_FInalRound_Clinical-T5_v1.00,2023-12-05 21:41:47,20231201_Clinic-T5-Lrg_12ep_Summ_Loss_1.06,200.0,0.3433858939532904,0.1701505396851147,0.2886983176534931,0.2886983176534931,0.6469611376523972,0.6695783644914627,0.6534873068332672,0.4978533152863383,0.3737122818441662
20231205_Step_89_Back2BioBart_Tr_53_v3.20,2023-12-05 20:48:52,20231201_BioBart-Large_14ep_Summ_Loss_0.93,200.0,0.3723252615243512,0.1770333476058527,0.3103254067133668,0.3103254067133668,0.6937306016683579,0.6935342729091645,0.6879582285881043,0.5049349311366677,0.3938170970469516
20231205_Step_89_Back2BioBart_Tr_52_v3.20,2023-12-05 20:43:13,20231201_BioBart-Large_8ep_Summ_Loss_0.84,200.0,0.3723252615243512,0.1770333476058527,0.3103254067133668,0.3103254067133668,0.6937306016683579,0.6935342729091645,0.6879582285881043,0.5049349311366677,0.3938170970469516
20231205_Step_89_Back2BioBart_Tr_51_v3.20,2023-12-05 20:35:52,20231130_BioBart-Base_14ep_Summ_0.75,200.0,0.365522096706896,0.1734585821620092,0.3046123251279824,0.3046123251279824,0.7008895605802536,0.6820672005414963,0.685409066081047,0.4877551481127739,0.3868949238864484
20231205_Step_89_Back2BioBart_Tr_50_v3.20,2023-12-05 20:27:22,20231130_BioBart-Base_10ep_Summ_Loss_0.77,200.0,0.4045447362805369,0.1907491664410548,0.3424705704184084,0.3424705704184084,0.7289184838533401,0.6932983726263047,0.7042844712734222,0.5148467225581407,0.4165610395649952
20231205_Step_89_Back2BioBart_Tr_49_v3.20,2023-12-05 20:19:24,20231130_BioBart-Base_5ep_Summ_Loss_0.76,200.0,0.3966436022508515,0.1905831517343405,0.3405521679231576,0.3405521679231576,0.7232639133930207,0.6881262838840485,0.6994593411684036,0.5117697178944945,0.4132600248157342
20231205_Step_89_Back2BioBart_Tr_47_v3.20,2023-12-05 19:54:44,20231130_BioBart-Base_5ep_Summ_Loss_0.76,200.0,0.3966436022508515,0.1905831517343405,0.3405521679231576,0.3405521679231576,0.7232639133930207,0.6881262838840485,0.6994593411684036,0.5117697178944945,0.4132600248157342
20231205_Step_89_Back2BioBart_Tr_45_v3.20,2023-12-05 19:47:20,20231129_BioBart-Base_1ep_Summ_Loss_0.75,200.0,0.3365049416283893,0.1554839727284616,0.2831318966268873,0.2831318966268873,0.7061972856521607,0.6589649379253387,0.6756175935268403,0.4682421844825148,0.3670187476033301
20231205_Step_89_Back2BioBart_Tr_45_v3.20,2023-12-05 19:40:14,20231130_BioBart-Base_14ep_Summ_0.75,200.0,0.365522096706896,0.1734585821620092,0.3046123251279824,0.3046123251279824,0.7008895605802536,0.6820672005414963,0.685409066081047,0.4877551481127739,0.3868949238864484
20231205_Step_89_Back2BioBart_Tr_43_v3.20,2023-12-05 19:11:36,20231130_BioBart-Base_5ep_Summ_Loss_0.76,200.0,0.3966436022508515,0.1905831517343405,0.3405521679231576,0.3405521679231576,0.7232639133930207,0.6881262838840485,0.6994593411684036,0.5117697178944945,0.4132600248157342
20231205_Step_89_Back2BioBart_Tr_43_v3.20,2023-12-05 19:04:31,20231201_BioBart-Large_14ep_Summ_Loss_0.93,200.0,0.3723252615243512,0.1770333476058527,0.3103254067133668,0.3103254067133668,0.6937306016683579,0.6935342729091645,0.6879582285881043,0.5049349311366677,0.3938170970469516
20231205_Step_89_Back2BioBart_Tr_42_v3.20,2023-12-05 18:52:42,20231201_BioBart-Large_6ep_Summ_Loss_0.73,200.0,0.3723252615243512,0.1770333476058527,0.3103254067133668,0.3103254067133668,0.6937306016683579,0.6935342729091645,0.6879582285881043,0.5049349311366677,0.3938170970469516
20231205_Step_89_Back2BioBart_Tr_41_v3.20,2023-12-05 18:29:04,20231130_BioBart-Base_10ep_Summ_Loss_0.77,200.0,0.4045447362805369,0.1907491664410548,0.3424705704184084,0.3424705704184084,0.7289184838533401,0.6932983726263047,0.7042844712734222,0.5148467225581407,0.4165610395649952
20231205_Step_89_Back2BioBart_Tr_41_v3.20,2023-12-05 18:27:54,20231130_BioBart-Base_10ep_Summ_Loss_0.77,2.0,0.6446808510638298,0.5163043478260869,0.5808510638297872,0.5808510638297872,0.8678773641586304,0.772041916847229,0.8170683681964874,0.5790621638298035,0.6198029764292969
20231205_Step_89_Back2BioBart_Tr_37_v3.20,2023-12-05 18:11:47,20231130_BioBart-Base_10ep_Summ_Loss_0.77,200.0,0.4045447362805369,0.1907491664410548,0.3424705704184084,0.3424705704184084,0.7410139173269272,0.7081074982881546,0.7196289986371994,0.5148467225581407,0.4191184607922914
20231205_Step_89_Back2BioBart_Tr_37_v3.20,2023-12-05 18:01:33,20231130_BioBart-Base_10ep_Summ_Loss_0.77,2.0,0.6446808510638298,0.5163043478260869,0.5808510638297872,0.5808510638297872,0.8344887793064117,0.7471839785575867,0.7884159088134766,0.5790621638298035,0.6150275665321284
20231205_Step_89_Back2BioBart_Tr_37_v3.20,2023-12-05 17:58:26,20231130_BioBart-Base_10ep_Summ_Loss_0.77,2.0,0.6446808510638298,0.5163043478260869,0.5808510638297872,0.5808510638297872,0.8257078528404236,0.7238131165504456,0.7713904082775116,0.5790621638298035,0.6121899831094677
20231205_Step_89_Back2BioBart_Tr_37_v3.20,2023-12-05 17:44:50,20231130_BioBart-Base_10ep_Summ_Loss_0.77,2.0,0.6446808510638298,0.5163043478260869,0.5808510638297872,0.5808510638297872,0.8678773641586304,0.772041916847229,0.8170683681964874,0.5790621638298035,0.6198029764292969
20231205_Step_89_Back2BioBart_Tr_37_v3.20,2023-12-05 16:53:16,20231130_BioBart-Base_10ep_Summ_Loss_0.77,2.0,0.6446808510638298,0.5163043478260869,0.5808510638297872,0.5808510638297872,0.8678773641586304,0.772041916847229,0.8170683681964874,0.5790621638298035,0.6198029764292969
20231205_Step_89_Back2BioBart_Tr_35_v3.20,2023-12-05 16:49:50,20231130_BioBart-Base_10ep_Summ_Loss_0.77,2.0,0.6446808510638298,0.5163043478260869,0.5808510638297872,0.5808510638297872,0.8678773641586304,0.772041916847229,0.8170683681964874,0.5790621638298035,0.6198029764292969
20231205_Step_89_Back2BioBart_Tr_35_v3.20,2023-12-05 16:45:09,20231130_BioBart-Base_10ep_Summ_Loss_0.77,2.0,0.6446808510638298,0.5163043478260869,0.5808510638297872,0.5808510638297872,0.8678773641586304,0.772041916847229,0.8170683681964874,0.5790621638298035,0.6198029764292969
20231205_Step_89_Back2BioBart_Tr_34_v3.20,2023-12-05 16:42:03,20231130_BioBart-Base_10ep_Summ_Loss_0.77,2.0,0.6446808510638298,0.5163043478260869,0.5808510638297872,0.5808510638297872,0.8678773641586304,0.772041916847229,0.8170683681964874,0.5790621638298035,0.6198029764292969
20231205_Step_89_Back2BioBart_Tr_33_v3.20,2023-12-05 16:40:03,20231130_BioBart-Base_10ep_Summ_Loss_0.77,2.0,0.6446808510638298,0.5163043478260869,0.5808510638297872,0.5808510638297872,0.8678773641586304,0.772041916847229,0.8170683681964874,0.5790621638298035,0.6198029764292969
20231204_Step_89_Back2BioBart_Tr_30_v3.10,2023-12-05 16:32:38,20231130_BioBart-Base_10ep_Summ_Loss_0.77,200.0,0.4045447362805369,0.1907491664410548,0.3424705704184084,0.3424705704184084,0.7289184838533401,0.6932983726263047,0.7042844712734222,0.5148467225581407,0.4165610395649952
20231204_Step_89_Back2BioBart_Tr_30_v3.10,2023-12-05 05:22:16,20231130_BioBart-Base_10ep_Summ_Loss_0.77,200.0,0.4045447362805369,0.1907491664410548,0.3424705704184084,0.3424705704184084,0.7289184838533401,0.6932983726263047,0.7042844712734222,0.5148467225581407,0.4165610395649952
,2023-12-05 05:06:05,20231130_BioBart-Base_10ep_Summ_Loss_0.77,,0.404477066888337,0.190731630692582,0.3424338035652466,0.3424338035652466,0.4425254702568054,0.3626114562153816,0.4004383832216263,0.5144549084454775,0.365828266063086
20231204_Step_89_Back2BioBart_Tr_14_v3.00,2023-12-05 04:39:44,20231130_BioBart-Base_10ep_Summ_Loss_0.77,200.0,0.4045447362805369,0.1907491664410548,0.3424705704184084,0.3424705704184084,0.7289184838533401,0.6932983726263047,0.7042844712734222,0.5148467225581407,0.4165610395649952
20231204_Step_89_Back2BioBart_Tr_20_v3.20,2023-12-05 04:26:17,20231130_BioBart-Base_10ep_Summ_Loss_0.77,200.0,0.3987809748500043,0.1980708995821508,0.3430931117315788,0.3430931117315788,0.7101377040147782,0.6899438530206681,0.6945578902959824,0.5064734598994256,0.4140115746817868
20231204_Step_89_Back2BioBart_Tr_19_v3.20,2023-12-05 03:50:14,20231130_BioBart-Base_10ep_Summ_Loss_0.77,200.0,0.3987809748500043,0.1980708995821508,0.3430931117315788,0.3430931117315788,0.7101377040147782,0.6899438530206681,0.6945578902959824,0.5064734598994256,0.4140115746817868
20231204_Step_89_Back2BioBart_Tr_18_v3.20,2023-12-05 03:31:53,20231130_BioBart-Base_10ep_Summ_Loss_0.77,200.0,0.3987809748500043,0.1980708995821508,0.3430931117315788,0.3430931117315788,0.7101377040147782,0.6899438530206681,0.6945578902959824,0.5064734598994256,0.4140115746817868
20231204_Step_89_Back2BioBart_Tr_16_v3.20,2023-12-05 03:20:29,20231130_BioBart-Base_10ep_Summ_Loss_0.77,200.0,0.3987809748500043,0.1980708995821508,0.3430931117315788,0.3430931117315788,0.7101377040147782,0.6899438530206681,0.6945578902959824,0.5064734598994256,0.4140115746817868
20231204_Step_89_Back2BioBart_Tr_14_v3.00,2023-12-05 03:12:09,20231130_BioBart-Base_10ep_Summ_Loss_0.77,200.0,0.4045447362805369,0.1907491664410548,0.3424705704184084,0.3424705704184084,0.7289184838533401,0.6932983726263047,0.7042844712734222,0.5148467225581407,0.4165610395649952
20231204_Step_89_Back2BioBart_Tr_14_v3.00,2023-12-05 03:05:07,20231130_BioBart-Base_10ep_Summ_Loss_0.77,200.0,0.3837102826216326,0.1561008355483751,0.3139429029803268,0.3139429029803268,0.7021541684865952,0.6823813796043396,0.6854298800230026,0.4993266559392214,0.3920755766821475
20231204_Step_89_Back2BioBart_Tr_12_v3.00,2023-12-05 02:57:39,20231130_BioBart-Base_10ep_Summ_Loss_0.77,200.0,0.4042221308233441,0.19066093926938,0.3423285268585585,0.3423285268585585,0.7288035392761231,0.6933241069316864,0.7042357295751571,0.5149362359195947,0.4164520148840988
20231204_Step_89_Back2BioBart_Tr_12_v3.00,2023-12-05 02:51:55,20231130_BioBart-Base_10ep_Summ_Loss_0.77,200.0,0.404477066888337,0.190731630692582,0.3424338035652466,0.3424338035652466,0.7288956671953202,0.6932932525873184,0.7042699962854385,0.5144549084454775,0.4164668682403881
20231204_Step_89_Back2BioBart_Tr_05_v2.00,2023-12-05 02:36:38,20231130_BioBart-Base_10ep_Summ_Loss_0.77,200.0,0.404477066888337,0.190731630692582,0.3424338035652466,0.3424338035652466,0.7288956671953202,0.6932932525873184,0.7042699962854385,0.5144549084454775,0.4164668682403881
20231204_Step_89_Back2BioBart_Tr_05_v2.00,2023-12-05 02:34:02,20231130_BioBart-Base_10ep_Summ_Loss_0.77,20.0,0.4201830336274428,0.201931188362886,0.3486921009619249,0.3486921009619249,0.7563776075839996,0.7011333703994751,0.7224473655223846,0.5355459496378898,0.4295819565124088
20231204_Step_89_Back2BioBart_Tr_05_v2.00,2023-12-05 02:22:04,20231130_BioBart-Base_10ep_Summ_Loss_0.77,200.0,0.404477066888337,0.190731630692582,0.3424338035652466,0.3424338035652466,0.7288956671953202,0.6932932525873184,0.7042699962854385,0.5144549084454775,0.4164668682403881
20231204_Step_89_Back2BioBart_Tr_05_v2.00,2023-12-05 02:20:18,20231130_BioBart-Base_10ep_Summ_Loss_0.77,20.0,0.4201830336274428,0.201931188362886,0.3486921009619249,0.3486921009619249,0.7563776075839996,0.7011333703994751,0.7224473655223846,0.5355459496378898,0.4295819565124088
20231204_Step_89_Back2BioBart_Tr_05_v2.00,2023-12-05 02:16:48,20231130_BioBart-Base_10ep_Summ_Loss_0.77,20.0,0.4201830336274428,0.201931188362886,0.3486921009619249,0.3486921009619249,0.7563776075839996,0.7011333703994751,0.7224473655223846,0.5355459496378898,0.4295819565124088
20231204_Step_89_Back2BioBart_Tr_04_v2.00,2023-12-05 02:09:54,20231130_BioBart-Base_10ep_Summ_Loss_0.77,,0.4233235782981186,0.2144687346963983,0.3665855573688518,0.3665855573688518,0.7436562538146972,0.7071929812431336,0.720250940322876,0.5342162483930587,0.4375717694080259
20231204_Step_89_Back2BioBart_Tr_04_v2.00,2023-12-05 02:04:28,20231130_BioBart-Base_10ep_Summ_Loss_0.77,,0.4233235782981186,0.2144687346963983,0.3665855573688518,0.3665855573688518,0.7436562538146972,0.7071929812431336,0.720250940322876,0.5342162483930587,0.4375717694080259
20231204_Step_89_Back2BioBart_Tr_01,2023-12-05 01:53:15,20231130_BioBart-Base_10ep_Summ_Loss_0.77,,0.4201830336274428,0.201931188362886,0.3486921009619249,0.3486921009619249,0.7563776075839996,0.7011333703994751,0.7224473655223846,0.5355459496378898,0.4295819565124088
20231204_Step_89_Back2BioBart_Tr_01,2023-12-05 01:53:15,20231130_BioBart-Base_10ep_Summ_Loss_0.77,,0.4201830336274428,0.201931188362886,0.3486921009619249,0.3486921009619249,0.7563776075839996,0.7011333703994751,0.7224473655223846,0.5355459496378898,0.4295819565124088
20231204_Step_89_Back2BioBart_Tr_01,2023-12-05 01:53:15,20231130_BioBart-Base_10ep_Summ_Loss_0.77,,0.4201830336274428,0.201931188362886,0.3486921009619249,0.3486921009619249,0.7563776075839996,0.7011333703994751,0.7224473655223846,0.5355459496378898,0.4295819565124088
20231204_Step_89_Back2BioBart_Tr_01,2023-12-05 01:45:35,20231130_BioBart-Base_10ep_Summ_Loss_0.77,,0.404477066888337,0.190731630692582,0.3424338035652466,0.3424338035652466,0.7288956671953202,0.6932932525873184,0.7042699962854385,0.5144549084454775,0.4164668682403881
20231204_Step_89_Back2BioBart_Tr_01,2023-12-05 01:36:36,20231130_BioBart-Base_10ep_Summ_Loss_0.77,,0.404477066888337,0.190731630692582,0.3424338035652466,0.3424338035652466,0.7288956671953202,0.6932932525873184,0.7042699962854385,0.5144549084454775,0.4164668682403881
20231204_Step_89_Back2BioBart_Tr_01,2023-12-05 01:26:31,20231130_BioBart-Base_10ep_Summ_Loss_0.77,,0.404477066888337,0.190731630692582,0.3424338035652466,0.3424338035652466,0.7288956671953202,0.6932932525873184,0.7042699962854385,0.5144549084454775,0.4164668682403881
20231204_Step_89_Back2BioBart_Tr_01,2023-12-05 00:57:52,20231130_BioBart-Base_10ep_Summ_Loss_0.77,,0.4044770668883369,0.190731630692582,0.3424338035652466,0.3424338035652466,0.72889564037323,0.6932932674884796,0.7042699933052063,0.5144549084454775,0.4164668677436827
,2023-12-05 00:06:19,20231130_BioBart-Base_10ep_Summ_Loss_0.77,,0.404477066888337,0.190731630692582,0.3424338035652466,0.3424338035652466,0.7288956671953202,0.6932932525873184,0.7042699962854385,0.5144549084454775,0.4164668682403881
,2023-12-02 22:09:36,biobart-v2-base,,0.319232715725479,0.1282920575189087,0.2728470696255437,0.2728470696255437,0.7047557264566422,0.641006800532341,0.6656424641609192,0.4487295660749077,0.3512651571218837
,2023-12-01 23:42:55,20231130_BioBart-Base_10ep_Summ_Loss_0.77,,0.404477066888337,0.190731630692582,0.3424338035652466,0.3424338035652466,0.7281379878520966,0.6932721406221389,0.7042816698551178,0.5144549084454775,0.4164688138353346
,2023-12-01 23:08:22,biobart-v2-base,,0.3751950389044555,0.1567466100435215,0.3188729592919878,0.3188729592919878,0.7055195391178131,0.6770666688680649,0.6865060657262803,0.4846495702117681,0.3901405339116668
,2023-12-01 22:59:38,biobart-v2-base,,0.3751950389044555,0.1567466100435215,0.3188729592919878,0.3188729592919878,0.908876821398735,0.8951577246189117,0.9016280561685562,0.4846495702117681,0.4259941989853795
,2023-12-01 22:43:14,20231130_BioBart-Base_10ep_Summ_Loss_0.77,,0.404477066888337,0.190731630692582,0.3424338035652466,0.3424338035652466,0.9124101251363754,0.8984598010778427,0.904961448907852,0.5144549084454775,0.449915443677457
,2023-12-01 22:36:35,20231201_BioBart-Large_6ep_Summ_Loss_0.73,,0.3725065811611682,0.1771065449326923,0.3103171901351315,0.3103171901351315,0.9024641633033752,0.898363471031189,0.9000357151031494,0.5044790920987724,0.4291270522610076
,2023-12-01 22:36:35,20231201_BioBart-Large_6ep_Summ_Loss_0.73,,0.3725065811611682,0.1771065449326923,0.3103171901351315,0.3103171901351315,0.9024641633033752,0.898363471031189,0.9000357151031494,0.5044790920987724,0.4291270522610076
,2023-12-01 22:10:25,20231201_BioBart-Large_14ep_Summ_Loss_0.93,,0.3725065811611682,0.1771065449326923,0.3103171901351315,0.3103171901351315,0.9024641633033752,0.898363471031189,0.9000357151031494,0.5044790920987724,0.4291270522610076
,2023-12-01 21:19:16,20231130_BioBart-Large_5ep_Summ_Loss_0.76,,0.3263520717299831,0.1568239202172185,0.2722479631818461,0.2722479631818461,0.9015815645456314,0.8882394701242446,0.8944635450839996,0.468624003008008,0.3984599110671502
,2023-12-01 20:04:04,20231201_Clinic-T5-Lrg_20ep_Summ_Loss_0.93,,0.3432197289816066,0.1702407982052298,0.2891323983645889,0.2891323983645889,0.8850170850753785,0.8847563862800598,0.8845377326011657,0.4980039259418845,0.4123778304098441
,2023-12-01 19:51:10,20231201_Clinic-T5-Lrg_20ep_Summ_Loss_0.93,,0.3432197289816066,0.1702407982052298,0.2891323983645889,0.2891323983645889,0.8850170850753785,0.8847563862800598,0.8845377326011657,0.4980039259418845,0.4123778304098441
,2023-12-01 19:23:10,20231201_Clinic-T5-Lrg_20ep_Summ_Loss_0.93,,0.3432197289816066,0.1702407982052298,0.2891323983645889,0.2891323983645889,0.3175849914550781,0.3160856902599335,0.3158775806427002,0.4980039259418845,0.3176011384167664
,2023-12-01 19:13:07,20231130_Clinic-T5-Lrg_5ep_Summ_Loss_1.16,,0.2809462504388703,0.128369030241001,0.2391622014961436,0.2391622014961436,0.2614577539265156,0.2518890026956796,0.2555275939404964,0.4611687484383583,0.2673893376751689
,2023-12-01 18:57:59,20231201_Clinic-T5-Lrg_12ep_Summ_Loss_1.06,,0.3432197289816066,0.1702407982052298,0.2891323983645889,0.2891323983645889,0.3175850167870521,0.3160856913775206,0.3158775921911001,0.4980039259418845,0.3176011403414998
,2023-11-30 20:24:25,20231130_BioBart-Base_14ep_Summ_0.75,,0.365454466564212,0.1734217506336801,0.304543419068057,0.304543419068057,0.3772685945034027,0.3442667365074158,0.3592690110206604,0.4886647574603557,0.332649470635837
,2023-11-30 19:41:08,20231130_BioBart-Base_10ep_Summ_Loss_0.77,,0.404477066888337,0.190731630692582,0.3424338035652466,0.3424338035652466,0.4425254702568054,0.3626114562153816,0.4004383832216263,0.5144549084454775,0.365828266063086
,2023-11-30 19:09:58,20231130_BioBart-Base_5ep_Summ_Loss_0.76,,0.3966298020093473,0.1905749261174192,0.3405406677219041,0.3405406677219041,0.4221278272569179,0.3545190811157226,0.3867193557322025,0.511729897223413,0.361122552754365
,2023-11-30 10:39:38,20231129_BioBart-Base_1ep_Summ_Loss_0.75,,0.2697180960108714,0.1242554482908613,0.2435207091722402,0.2435207091722402,0.393585392832756,0.1757850674912333,0.2792351126670837,0.3922128416597843,0.2587438194955135
,2023-11-30 10:10:57,20231129_Bart-Lg-samsum_20ep_Summ_Loss_1.3,,0.3875236470613231,0.1993815666715817,0.3290556472940052,0.3290556472940052,0.3670359805226326,0.3416652321815491,0.3529733330011367,0.4852624605968595,0.3472087169864851
,2023-11-30 09:26:36,20231129_Bart-Lg-samsum_10ep_Summ_Loss_1.17,,0.3875236470613231,0.1993815666715817,0.3290556472940052,0.3290556472940052,0.3670359805226326,0.3416652321815491,0.3529733330011367,0.4852624605968595,0.3472087169864851
,2023-11-30 09:20:33,bart-large-samsum,,0.3875236470613231,0.1993815666715817,0.3290556472940052,0.3290556472940052,0.3670359805226326,0.3416652321815491,0.3529733330011367,0.4852624605968595,0.3472087169864851
,2023-11-30 08:33:47,20231129_Bart-Lg-samsum_8ep_Summ_Loss_1.0_R1_0.52,,0.387571438849273,0.205123331833837,0.3340650741890536,0.3340650741890536,0.3705746248364449,0.3425908669829368,0.3550126664340496,0.4819024359062314,0.3496233369002497
,2023-11-30 08:24:12,20231129_Bart-Lg-samsum_8ep_Summ_Loss_1.0_R1_0.52,,0.387571438849273,0.205123331833837,0.3340650741890536,0.3340650741890536,0.3705746248364449,0.3425908669829368,0.3550126664340496,0.4819024359062314,0.3496233369002497
,2023-11-30 08:00:22,20231129_Bart-Lg-samsum_8ep_Summ_Loss_1.0_R1_0.52,,0.387571438849273,0.205123331833837,0.3340650741890536,0.3340650741890536,0.3705746248364449,0.3425908669829368,0.3550126664340496,0.4819024359062314,0.3496233369002497
,2023-11-30 07:13:04,20231129_Bart-Lg-samsum_8ep_Summ_Loss_1.0_R1_0.52,,0.5145582822324898,0.3470424688713781,0.4741749342192717,0.4741749342192717,0.5353657603263855,0.5270876288414001,0.5293538570404053,0.6063125296072527,0.4909361676983448
,2023-11-30 07:08:39,20231129_Bart-Lg-samsum_8ep_Summ_Loss_1.0_R1_0.52,,0.5145582822324898,0.3470424688713781,0.4741749342192717,0.4741749342192717,0.5353657603263855,0.5270876288414001,0.5293538570404053,0.6063125296072527,0.4909361676983448
,2023-11-30 06:14:21,20231129_Bart-Lg-samsum_8ep_Summ_Loss_1.0_R1_0.52,,0.5145582822324898,0.3470424688713781,0.4741749342192717,0.4741749342192717,0.5353657603263855,0.5270876288414001,0.5293538570404053,0.6063125296072527,0.4909361676983448
,2023-11-30 06:11:32,20231129_Bart-Lg-samsum_8ep_Summ_Loss_1.0_R1_0.52,,0.5116931228014179,0.3463036777838323,0.4746788473942852,0.4746788473942852,0.5185768604278564,0.5115081071853638,0.5129343867301941,0.5887171506881714,0.4848343387986977
,2023-11-30 06:11:32,20231129_Bart-Lg-samsum_8ep_Summ_Loss_1.0_R1_0.52,,0.5116931228014179,0.3463036777838323,0.4746788473942852,0.4746788473942852,0.5185768604278564,0.5115081071853638,0.5129343867301941,0.5887171506881714,0.4848343387986977
,2023-11-30 05:29:41,20231129_Bart-Lg-samsum_8ep_Summ_Loss_1.0_R1_0.52,,0.5116931228014179,0.3463036777838323,0.4746788473942852,0.4746788473942852,0.5185768604278564,0.5115081071853638,0.5129343867301941,0.5887171506881714,0.4848343387986977
,2023-11-30 05:29:41,20231129_Bart-Lg-samsum_8ep_Summ_Loss_1.0_R1_0.52,,0.5116931228014179,0.3463036777838323,0.4746788473942852,0.4746788473942852,0.5185768604278564,0.5115081071853638,0.5129343867301941,0.5887171506881714,0.4848343387986977
,2023-11-30 05:29:41,20231129_Bart-Lg-samsum_8ep_Summ_Loss_1.0_R1_0.52,,0.5116931228014179,0.3463036777838323,0.4746788473942852,0.4746788473942852,0.5185768604278564,0.5115081071853638,0.5129343867301941,0.5887171506881714,0.4848343387986977
,2023-11-30 05:29:41,20231129_Bart-Lg-samsum_8ep_Summ_Loss_1.0_R1_0.52,,0.5116931228014179,0.3463036777838323,0.4746788473942852,0.4746788473942852,0.5185768604278564,0.5115081071853638,0.5129343867301941,0.5887171506881714,0.4848343387986977
,2023-11-30 06:06:19,20231129_Bart-Lg-samsum_8ep_Summ_Loss_1.0_R1_0.52,,0.5116931228014179,0.3463036777838323,0.4746788473942852,0.4746788473942852,0.5185768604278564,0.5115081071853638,0.5129343867301941,0.5887171506881714,0.4848343387986977
